{
  "project_info": {
    "project_number": "603419033328",
    "project_id": "login-cb34c",
    "storage_bucket": "login-cb34c.appspot.com"
  },
  "client": [
    {
      "client_info": {
        "mobilesdk_app_id": "1:603419033328:android:77c9e80137e116a7870c35",
        "android_client_info": {
          "package_name": "com.example.login"
        }
      },
      "oauth_client": [],
      "api_key": [
        {
          "current_key": "AIzaSyBf7o_GNi1ufdVupKq7BalZ0_41jrIeRzw"
        }
      ],
      "services": {
        "appinvite_service": {
          "other_platform_oauth_client": []
        }
      }
    }
  ],
  "configuration_version": "1"
}